provedor_id,nombre,correo,telefono
1,"Ebert, Halvorson and Jast",Ebert_Halvorson_and_Jast@correo.com,389-543-6086
2,Kertzmann-Tillman,Kertzmann-Tillman@correo.com,336-204-4566
3,"Ryan, Cruickshank and Klein",Ryan_Cruickshank_and_Klein@correo.com,343-143-8538
4,Blick-Satterfield,Blick-Satterfield@correo.com,533-667-2973
5,"Leuschke, Mohr and Hickle",Leuschke_Mohr_and_Hickle@correo.com,680-372-9859
6,"Goldner, Champlin and Turner",Goldner_Champlin_and_Turner@correo.com,771-355-8122
7,Ferry-Feeney,Ferry-Feeney@correo.com,910-100-3045
8,"Lynch, Rohan and Larkin",Lynch_Rohan_and_Larkin@correo.com,418-990-8508
9,Rogahn-Pfeffer,Rogahn-Pfeffer@correo.com,250-149-7854
10,"McLaughlin, Mohr and Hagenes",McLaughlin_Mohr_and_Hagenes@correo.com,306-199-2258
11,McKenzie LLC,McKenzie_LLC@correo.com,150-990-8752
12,Crist-Borer,Crist-Borer@correo.com,502-368-7586
13,Durgan Group,Durgan_Group@correo.com,422-442-9670
14,"Hodkiewicz, Marks and Hayes",Hodkiewicz_Marks_and_Hayes@correo.com,814-870-0907
15,Balistreri-Kohler,Balistreri-Kohler@correo.com,531-106-0941
16,Bartell-Bosco,Bartell-Bosco@correo.com,700-393-7123
17,"Trantow, Kozey and Mante",Trantow_Kozey_and_Mante@correo.com,400-783-4781
18,Christiansen and Sons,Christiansen_and_Sons@correo.com,999-395-6232
19,"Bradtke, Runte and Goyette",Bradtke_Runte_and_Goyette@correo.com,266-990-1298
20,Jenkins-Jast,Jenkins-Jast@correo.com,602-212-6150
21,Ankunding Inc,Ankunding_Inc@correo.com,319-423-8865
22,Sauer LLC,Sauer_LLC@correo.com,834-742-3620
23,"Crona, Marvin and Keebler",Crona_Marvin_and_Keebler@correo.com,941-827-4570
24,"Hirthe, Hamill and O'Keefe",Hirthe_Hamill_and_O'Keefe@correo.com,620-328-0026
25,Kertzmann-Kessler,Kertzmann-Kessler@correo.com,809-963-4897
26,"Rutherford, Ryan and Blanda",Rutherford_Ryan_and_Blanda@correo.com,200-534-8144
27,Ryan Inc,Ryan_Inc@correo.com,672-756-8473
28,"Herzog, Heathcote and Stracke",Herzog_Heathcote_and_Stracke@correo.com,494-347-2090
29,"Mayert, Stamm and O'Hara",Mayert_Stamm_and_O'Hara@correo.com,664-870-8488
30,Blanda-Treutel,Blanda-Treutel@correo.com,780-729-8183
31,Schaefer LLC,Schaefer_LLC@correo.com,801-111-2005
32,"Doyle, Stroman and Dickens",Doyle_Stroman_and_Dickens@correo.com,101-120-5201
33,Dickinson-Fritsch,Dickinson-Fritsch@correo.com,716-157-6647
34,Lowe LLC,Lowe_LLC@correo.com,384-994-9373
35,Bernhard Inc,Bernhard_Inc@correo.com,357-480-1958
36,Doyle Group,Doyle_Group@correo.com,289-313-2533
37,"Casper, Schmidt and Ullrich",Casper_Schmidt_and_Ullrich@correo.com,354-264-6069
38,Satterfield Inc,Satterfield_Inc@correo.com,113-632-7266
39,"Schamberger, O'Conner and Ortiz",Schamberger_O'Conner_and_Ortiz@correo.com,739-767-5167
40,"Bins, Pagac and Marvin",Bins_Pagac_and_Marvin@correo.com,321-158-9940
41,"Graham, Lindgren and Wiza",Graham_Lindgren_and_Wiza@correo.com,513-279-7705
42,Marvin Group,Marvin_Group@correo.com,165-495-7147
43,Ryan-Runolfsson,Ryan-Runolfsson@correo.com,770-719-3415
44,Wunsch LLC,Wunsch_LLC@correo.com,688-922-2184
45,Keebler Inc,Keebler_Inc@correo.com,142-591-2249
46,Wisoky Group,Wisoky_Group@correo.com,680-847-4902
47,Fay-Leffler,Fay-Leffler@correo.com,655-271-2392
48,"Rolfson, Dach and Yost",Rolfson_Dach_and_Yost@correo.com,200-286-5505
49,"Kunze, Donnelly and Collins",Kunze_Donnelly_and_Collins@correo.com,493-891-4411
50,Schumm-Koelpin,Schumm-Koelpin@correo.com,138-736-8576
51,Lesch-Rutherford,Lesch-Rutherford@correo.com,411-344-4478
52,Jones Inc,Jones_Inc@correo.com,430-498-6995
53,Bernhard and Sons,Bernhard_and_Sons@correo.com,507-378-7599
54,Steuber Group,Steuber_Group@correo.com,305-616-3145
55,Monahan LLC,Monahan_LLC@correo.com,759-771-3149
56,"Bayer, Rodriguez and Dare",Bayer_Rodriguez_and_Dare@correo.com,509-611-3061
57,"Morissette, Sawayn and Kerluke",Morissette_Sawayn_and_Kerluke@correo.com,529-249-7913
58,"Bashirian, Feeney and Lemke",Bashirian_Feeney_and_Lemke@correo.com,351-461-4182
59,"DuBuque, Willms and Ziemann",DuBuque_Willms_and_Ziemann@correo.com,917-448-6182
60,"Brakus, Legros and Goodwin",Brakus_Legros_and_Goodwin@correo.com,602-700-6147
61,Jerde-Beahan,Jerde-Beahan@correo.com,777-276-5393
62,"Kassulke, Mosciski and Cruickshank",Kassulke_Mosciski_and_Cruickshank@correo.com,663-393-0472
63,Smitham LLC,Smitham_LLC@correo.com,625-308-8475
64,"Bradtke, Funk and Ryan",Bradtke_Funk_and_Ryan@correo.com,464-227-0422
65,"Schamberger, Bechtelar and Farrell",Schamberger_Bechtelar_and_Farrell@correo.com,475-936-6263
66,Cassin Inc,Cassin_Inc@correo.com,398-338-6008
67,Little-Hettinger,Little-Hettinger@correo.com,763-921-8190
68,Goodwin Group,Goodwin_Group@correo.com,111-780-1119
69,Wunsch and Sons,Wunsch_and_Sons@correo.com,514-785-9476
70,"Jones, Kertzmann and Morissette",Jones_Kertzmann_and_Morissette@correo.com,789-144-5615
71,Towne LLC,Towne_LLC@correo.com,949-235-5648
72,"Wiegand, Nitzsche and Goyette",Wiegand_Nitzsche_and_Goyette@correo.com,622-355-1803
73,Zemlak Group,Zemlak_Group@correo.com,473-641-6372
74,Toy-Muller,Toy-Muller@correo.com,462-824-4458
75,Adams Inc,Adams_Inc@correo.com,445-382-3479
76,Wintheiser-Jacobson,Wintheiser-Jacobson@correo.com,313-684-3731
77,Hilpert Inc,Hilpert_Inc@correo.com,907-658-5980
78,"McCullough, Marvin and Baumbach",McCullough_Marvin_and_Baumbach@correo.com,114-438-9839
79,Johns and Sons,Johns_and_Sons@correo.com,954-165-8354
80,"Stehr, Green and Parker",Stehr_Green_and_Parker@correo.com,600-279-0184
81,Beatty Inc,Beatty_Inc@correo.com,184-828-8508
82,"Barrows, Ullrich and Schmeler",Barrows_Ullrich_and_Schmeler@correo.com,347-947-3763
83,Kohler-Schulist,Kohler-Schulist@correo.com,595-404-9361
84,Towne-Morar,Towne-Morar@correo.com,229-941-8844
85,"Daugherty, Terry and Crona",Daugherty_Terry_and_Crona@correo.com,580-403-3041
86,Leuschke Inc,Leuschke_Inc@correo.com,319-315-1185
87,Crist-Hilpert,Crist-Hilpert@correo.com,714-745-7931
88,Bednar-Breitenberg,Bednar-Breitenberg@correo.com,535-220-4603
89,Thiel Group,Thiel_Group@correo.com,121-915-4958
90,"Runolfsson, Willms and Huels",Runolfsson_Willms_and_Huels@correo.com,497-394-8800
91,Pouros Group,Pouros_Group@correo.com,609-918-5275
92,"Prosacco, Upton and Donnelly",Prosacco_Upton_and_Donnelly@correo.com,600-310-4946
93,"Satterfield, Stanton and Cole",Satterfield_Stanton_and_Cole@correo.com,180-426-3106
94,Leannon-Wisozk,Leannon-Wisozk@correo.com,201-546-9504
95,Raynor-Kilback,Raynor-Kilback@correo.com,993-394-9049
96,Robel Inc,Robel_Inc@correo.com,696-369-1723
97,Carroll-Anderson,Carroll-Anderson@correo.com,265-153-7672
98,"Fisher, Brakus and Orn",Fisher_Brakus_and_Orn@correo.com,865-837-0803
99,"Wyman, Howe and Wyman",Wyman_Howe_and_Wyman@correo.com,139-723-6453
100,Block-Hackett,Block-Hackett@correo.com,215-974-8695
101,Willms-Hansen,Willms-Hansen@correo.com,890-344-8471
102,"Hickle, Luettgen and Lesch",Hickle_Luettgen_and_Lesch@correo.com,759-178-8700
103,Hayes Inc,Hayes_Inc@correo.com,980-578-2067
104,"Kulas, Haley and Strosin",Kulas_Haley_and_Strosin@correo.com,240-214-7481
105,Kunze-Gleichner,Kunze-Gleichner@correo.com,830-756-9325
106,Lockman Group,Lockman_Group@correo.com,619-847-5170
107,Macejkovic LLC,Macejkovic_LLC@correo.com,514-526-2026
108,"Dare, Rice and Kessler",Dare_Rice_and_Kessler@correo.com,102-291-1794
109,"Little, Morissette and Harvey",Little_Morissette_and_Harvey@correo.com,154-265-1063
110,Mosciski and Sons,Mosciski_and_Sons@correo.com,770-468-3312
111,Turner-Kutch,Turner-Kutch@correo.com,539-965-5540
112,Schroeder Inc,Schroeder_Inc@correo.com,270-940-4232
113,"Stark, Wolf and Boyer",Stark_Wolf_and_Boyer@correo.com,839-334-0080
114,Reichel LLC,Reichel_LLC@correo.com,996-285-8332
115,Kling-Bins,Kling-Bins@correo.com,146-952-5436
116,"Oberbrunner, Swift and Braun",Oberbrunner_Swift_and_Braun@correo.com,704-115-6717
117,Kris-Schneider,Kris-Schneider@correo.com,919-234-9652
118,Ward Inc,Ward_Inc@correo.com,882-282-4494
119,Brown-Legros,Brown-Legros@correo.com,230-378-6250
120,Sipes-Marvin,Sipes-Marvin@correo.com,210-539-6663
121,"Swaniawski, Schroeder and White",Swaniawski_Schroeder_and_White@correo.com,587-264-9716
122,Labadie-Goyette,Labadie-Goyette@correo.com,813-713-5816
123,"O'Conner, Smith and Kertzmann",O'Conner_Smith_and_Kertzmann@correo.com,756-702-8564
124,"Torp, Borer and Marvin",Torp_Borer_and_Marvin@correo.com,838-334-0156
125,Marks Inc,Marks_Inc@correo.com,300-177-2374
126,Davis Inc,Davis_Inc@correo.com,308-524-3901
127,Hackett-Heaney,Hackett-Heaney@correo.com,658-510-2952
128,Schultz Inc,Schultz_Inc@correo.com,834-840-8904
129,"Wuckert, Hartmann and Pfeffer",Wuckert_Hartmann_and_Pfeffer@correo.com,372-107-8931
130,Turner LLC,Turner_LLC@correo.com,904-100-6063
131,Medhurst LLC,Medhurst_LLC@correo.com,665-784-8253
132,Balistreri-Huel,Balistreri-Huel@correo.com,790-207-9335
133,"Fisher, Predovic and Auer",Fisher_Predovic_and_Auer@correo.com,255-679-9329
134,Farrell-Boyer,Farrell-Boyer@correo.com,202-747-9149
135,Frami LLC,Frami_LLC@correo.com,934-650-3622
136,Oberbrunner-Carter,Oberbrunner-Carter@correo.com,708-679-1168
137,Anderson and Sons,Anderson_and_Sons@correo.com,109-389-1524
138,"Okuneva, Sauer and Balistreri",Okuneva_Sauer_and_Balistreri@correo.com,762-544-3836
139,"Windler, Rolfson and Skiles",Windler_Rolfson_and_Skiles@correo.com,421-322-2041
140,Gutmann LLC,Gutmann_LLC@correo.com,940-456-2475
141,Rempel and Sons,Rempel_and_Sons@correo.com,872-102-3574
142,"Roob, Schinner and Fahey",Roob_Schinner_and_Fahey@correo.com,588-267-5203
143,Abshire-Upton,Abshire-Upton@correo.com,726-660-2972
144,Willms Inc,Willms_Inc@correo.com,862-895-3765
145,Emmerich-Hand,Emmerich-Hand@correo.com,296-336-8784
146,"Larson, Olson and Flatley",Larson_Olson_and_Flatley@correo.com,793-159-3785
147,"Bosco, Nolan and Nienow",Bosco_Nolan_and_Nienow@correo.com,701-773-3654
148,Howe-Larson,Howe-Larson@correo.com,809-712-7805
149,Beer-Bosco,Beer-Bosco@correo.com,297-351-7218
150,Bergstrom-Rohan,Bergstrom-Rohan@correo.com,180-422-0439
151,Sanford-Gibson,Sanford-Gibson@correo.com,420-290-7606
152,Dare-McKenzie,Dare-McKenzie@correo.com,667-196-5773
153,Herzog Inc,Herzog_Inc@correo.com,854-836-1136
154,Hodkiewicz-Parisian,Hodkiewicz-Parisian@correo.com,781-923-9750
155,Hansen Inc,Hansen_Inc@correo.com,129-304-8613
156,Prohaska Group,Prohaska_Group@correo.com,793-679-4731
157,Blanda and Sons,Blanda_and_Sons@correo.com,389-543-6086
158,"Vandervort, Goodwin and Yost",Vandervort_Goodwin_and_Yost@correo.com,336-204-4566
159,Leffler-Kuphal,Leffler-Kuphal@correo.com,343-143-8538
160,"Von, Champlin and Roob",Von_Champlin_and_Roob@correo.com,533-667-2973
161,"Corwin, Bogan and Mante",Corwin_Bogan_and_Mante@correo.com,680-372-9859
162,Ziemann-O'Conner,Ziemann-O'Conner@correo.com,771-355-8122
163,Monahan Inc,Monahan_Inc@correo.com,910-100-3045
164,Christiansen-Kerluke,Christiansen-Kerluke@correo.com,418-990-8508
165,"Tillman, Bruen and Klocko",Tillman_Bruen_and_Klocko@correo.com,250-149-7854
166,Pfannerstill-Jerde,Pfannerstill-Jerde@correo.com,306-199-2258
167,"Jakubowski, Johns and Daniel",Jakubowski_Johns_and_Daniel@correo.com,150-990-8752
168,Ortiz-Conroy,Ortiz-Conroy@correo.com,502-368-7586
169,Parker-Bernier,Parker-Bernier@correo.com,422-442-9670
170,Breitenberg-Daniel,Breitenberg-Daniel@correo.com,814-870-0907
171,"Lueilwitz, Rolfson and Schoen",Lueilwitz_Rolfson_and_Schoen@correo.com,531-106-0941
172,Bartell-Buckridge,Bartell-Buckridge@correo.com,700-393-7123
173,Rath LLC,Rath_LLC@correo.com,400-783-4781
174,Glover LLC,Glover_LLC@correo.com,999-395-6232
175,"Pouros, Franecki and Boyle",Pouros_Franecki_and_Boyle@correo.com,266-990-1298
176,Ward-Adams,Ward-Adams@correo.com,602-212-6150
177,Kshlerin-Gleason,Kshlerin-Gleason@correo.com,319-423-8865
178,"Bernhard, Schuppe and Torphy",Bernhard_Schuppe_and_Torphy@correo.com,834-742-3620
179,Rau-Schoen,Rau-Schoen@correo.com,941-827-4570
180,"Ernser, Sanford and Kunze",Ernser_Sanford_and_Kunze@correo.com,620-328-0026
181,Gislason-Bernier,Gislason-Bernier@correo.com,809-963-4897
182,Rodriguez-Larson,Rodriguez-Larson@correo.com,200-534-8144
183,Auer LLC,Auer_LLC@correo.com,672-756-8473
184,Beier LLC,Beier_LLC@correo.com,494-347-2090
185,"Glover, Wunsch and Paucek",Glover_Wunsch_and_Paucek@correo.com,664-870-8488
186,Corwin Group,Corwin_Group@correo.com,780-729-8183
187,"Witting, Koepp and Gaylord",Witting_Koepp_and_Gaylord@correo.com,801-111-2005
188,Romaguera Group,Romaguera_Group@correo.com,101-120-5201
189,Parisian and Sons,Parisian_and_Sons@correo.com,716-157-6647
190,Tremblay and Sons,Tremblay_and_Sons@correo.com,384-994-9373
191,Krajcik Inc,Krajcik_Inc@correo.com,357-480-1958
192,"Heaney, Nolan and Quigley",Heaney_Nolan_and_Quigley@correo.com,289-313-2533
193,Barton LLC,Barton_LLC@correo.com,354-264-6069
194,Steuber Inc,Steuber_Inc@correo.com,113-632-7266
195,"McDermott, Leffler and Rosenbaum",McDermott_Leffler_and_Rosenbaum@correo.com,739-767-5167
196,Schneider Group,Schneider_Group@correo.com,321-158-9940
197,Orn Group,Orn_Group@correo.com,513-279-7705
198,"Hirthe, Becker and Gleichner",Hirthe_Becker_and_Gleichner@correo.com,165-495-7147
199,Kutch Inc,Kutch_Inc@correo.com,770-719-3415
200,"Marvin, Shields and McDermott",Marvin_Shields_and_McDermott@correo.com,688-922-2184