provedor_id,nombre,correo,telefono
1,"Ebert, Halvorson and Jast",Ebert_Halvorson_and_Jast@correo.com,Spurritt
2,Kertzmann-Tillman,Kertzmann-Tillman@correo.com,Innwood
3,"Ryan, Cruickshank and Klein",Ryan_Cruickshank_and_Klein@correo.com,Cockland
4,Blick-Satterfield,Blick-Satterfield@correo.com,Flament
5,"Leuschke, Mohr and Hickle",Leuschke_Mohr_and_Hickle@correo.com,Wickey
6,"Goldner, Champlin and Turner",Goldner_Champlin_and_Turner@correo.com,Kyte
7,Ferry-Feeney,Ferry-Feeney@correo.com,Dufty
8,"Lynch, Rohan and Larkin",Lynch_Rohan_and_Larkin@correo.com,von Nassau
9,Rogahn-Pfeffer,Rogahn-Pfeffer@correo.com,Andresser
10,"McLaughlin, Mohr and Hagenes",McLaughlin_Mohr_and_Hagenes@correo.com,Letten
11,McKenzie LLC,McKenzie_LLC@correo.com,Swateridge
12,Crist-Borer,Crist-Borer@correo.com,Melliard
13,Durgan Group,Durgan_Group@correo.com,Hubbock
14,"Hodkiewicz, Marks and Hayes",Hodkiewicz_Marks_and_Hayes@correo.com,Sigward
15,Balistreri-Kohler,Balistreri-Kohler@correo.com,Sybry
16,Bartell-Bosco,Bartell-Bosco@correo.com,Bremen
17,"Trantow, Kozey and Mante",Trantow_Kozey_and_Mante@correo.com,Reinbeck
18,Christiansen and Sons,Christiansen_and_Sons@correo.com,Immings
19,"Bradtke, Runte and Goyette",Bradtke_Runte_and_Goyette@correo.com,Brisse
20,Jenkins-Jast,Jenkins-Jast@correo.com,Crosston
21,Ankunding Inc,Ankunding_Inc@correo.com,Bernardot
22,Sauer LLC,Sauer_LLC@correo.com,Climie
23,"Crona, Marvin and Keebler",Crona_Marvin_and_Keebler@correo.com,Petticrow
24,"Hirthe, Hamill and O'Keefe",Hirthe_Hamill_and_O'Keefe@correo.com,Taylor
25,Kertzmann-Kessler,Kertzmann-Kessler@correo.com,Barchrameev
26,"Rutherford, Ryan and Blanda",Rutherford_Ryan_and_Blanda@correo.com,Sivills
27,Ryan Inc,Ryan_Inc@correo.com,Jost
28,"Herzog, Heathcote and Stracke",Herzog_Heathcote_and_Stracke@correo.com,Bollam
29,"Mayert, Stamm and O'Hara",Mayert_Stamm_and_O'Hara@correo.com,Papez
30,Blanda-Treutel,Blanda-Treutel@correo.com,Chalke
31,Schaefer LLC,Schaefer_LLC@correo.com,Stannah
32,"Doyle, Stroman and Dickens",Doyle_Stroman_and_Dickens@correo.com,Mcmanaman
33,Dickinson-Fritsch,Dickinson-Fritsch@correo.com,Nelthorp
34,Lowe LLC,Lowe_LLC@correo.com,Gartenfeld
35,Bernhard Inc,Bernhard_Inc@correo.com,Karchewski
36,Doyle Group,Doyle_Group@correo.com,Jaycocks
37,"Casper, Schmidt and Ullrich",Casper_Schmidt_and_Ullrich@correo.com,Carman
38,Satterfield Inc,Satterfield_Inc@correo.com,Taylor
39,"Schamberger, O'Conner and Ortiz",Schamberger_O'Conner_and_Ortiz@correo.com,Cooling
40,"Bins, Pagac and Marvin",Bins_Pagac_and_Marvin@correo.com,Sheppard
41,"Graham, Lindgren and Wiza",Graham_Lindgren_and_Wiza@correo.com,Wilsone
42,Marvin Group,Marvin_Group@correo.com,Blackey
43,Ryan-Runolfsson,Ryan-Runolfsson@correo.com,Conningham
44,Wunsch LLC,Wunsch_LLC@correo.com,Benezeit
45,Keebler Inc,Keebler_Inc@correo.com,Garlicke
46,Wisoky Group,Wisoky_Group@correo.com,Domniney
47,Fay-Leffler,Fay-Leffler@correo.com,Echallier
48,"Rolfson, Dach and Yost",Rolfson_Dach_and_Yost@correo.com,Wooles
49,"Kunze, Donnelly and Collins",Kunze_Donnelly_and_Collins@correo.com,Rilton
50,Schumm-Koelpin,Schumm-Koelpin@correo.com,Crowcum
51,Lesch-Rutherford,Lesch-Rutherford@correo.com,Tigwell
52,Jones Inc,Jones_Inc@correo.com,Dillingston
53,Bernhard and Sons,Bernhard_and_Sons@correo.com,Hazleton
54,Steuber Group,Steuber_Group@correo.com,Briiginshaw
55,Monahan LLC,Monahan_LLC@correo.com,Lofting
56,"Bayer, Rodriguez and Dare",Bayer_Rodriguez_and_Dare@correo.com,Ribchester
57,"Morissette, Sawayn and Kerluke",Morissette_Sawayn_and_Kerluke@correo.com,Zieme
58,"Bashirian, Feeney and Lemke",Bashirian_Feeney_and_Lemke@correo.com,Chazerand
59,"DuBuque, Willms and Ziemann",DuBuque_Willms_and_Ziemann@correo.com,MacClay
60,"Brakus, Legros and Goodwin",Brakus_Legros_and_Goodwin@correo.com,Joseph
61,Jerde-Beahan,Jerde-Beahan@correo.com,McNiven
62,"Kassulke, Mosciski and Cruickshank",Kassulke_Mosciski_and_Cruickshank@correo.com,Glenister
63,Smitham LLC,Smitham_LLC@correo.com,Ivatt
64,"Bradtke, Funk and Ryan",Bradtke_Funk_and_Ryan@correo.com,De Michetti
65,"Schamberger, Bechtelar and Farrell",Schamberger_Bechtelar_and_Farrell@correo.com,Rabbage
66,Cassin Inc,Cassin_Inc@correo.com,Fishpool
67,Little-Hettinger,Little-Hettinger@correo.com,Pinkett
68,Goodwin Group,Goodwin_Group@correo.com,Pankhurst.
69,Wunsch and Sons,Wunsch_and_Sons@correo.com,Osselton
70,"Jones, Kertzmann and Morissette",Jones_Kertzmann_and_Morissette@correo.com,Frankiss
71,Towne LLC,Towne_LLC@correo.com,Sall
72,"Wiegand, Nitzsche and Goyette",Wiegand_Nitzsche_and_Goyette@correo.com,Hallitt
73,Zemlak Group,Zemlak_Group@correo.com,Shimon
74,Toy-Muller,Toy-Muller@correo.com,Baudone
75,Adams Inc,Adams_Inc@correo.com,Scandroot
76,Wintheiser-Jacobson,Wintheiser-Jacobson@correo.com,Maffeo
77,Hilpert Inc,Hilpert_Inc@correo.com,Cuesta
78,"McCullough, Marvin and Baumbach",McCullough_Marvin_and_Baumbach@correo.com,Chevalier
79,Johns and Sons,Johns_and_Sons@correo.com,Cheetam
80,"Stehr, Green and Parker",Stehr_Green_and_Parker@correo.com,Cosgrive
81,Beatty Inc,Beatty_Inc@correo.com,Deeks
82,"Barrows, Ullrich and Schmeler",Barrows_Ullrich_and_Schmeler@correo.com,Andraud
83,Kohler-Schulist,Kohler-Schulist@correo.com,Sainte Paul
84,Towne-Morar,Towne-Morar@correo.com,Filler
85,"Daugherty, Terry and Crona",Daugherty_Terry_and_Crona@correo.com,Ducarne
86,Leuschke Inc,Leuschke_Inc@correo.com,Yezafovich
87,Crist-Hilpert,Crist-Hilpert@correo.com,Ironmonger
88,Bednar-Breitenberg,Bednar-Breitenberg@correo.com,Weinham
89,Thiel Group,Thiel_Group@correo.com,Baukham
90,"Runolfsson, Willms and Huels",Runolfsson_Willms_and_Huels@correo.com,Fairlie
91,Pouros Group,Pouros_Group@correo.com,Emerton
92,"Prosacco, Upton and Donnelly",Prosacco_Upton_and_Donnelly@correo.com,Goudge
93,"Satterfield, Stanton and Cole",Satterfield_Stanton_and_Cole@correo.com,Dearnley
94,Leannon-Wisozk,Leannon-Wisozk@correo.com,Tallon
95,Raynor-Kilback,Raynor-Kilback@correo.com,Brammer
96,Robel Inc,Robel_Inc@correo.com,Digan
97,Carroll-Anderson,Carroll-Anderson@correo.com,Llewellen
98,"Fisher, Brakus and Orn",Fisher_Brakus_and_Orn@correo.com,Ponten
99,"Wyman, Howe and Wyman",Wyman_Howe_and_Wyman@correo.com,Ashplant
100,Block-Hackett,Block-Hackett@correo.com,Tredger
101,Willms-Hansen,Willms-Hansen@correo.com,Myton
102,"Hickle, Luettgen and Lesch",Hickle_Luettgen_and_Lesch@correo.com,Danslow
103,Hayes Inc,Hayes_Inc@correo.com,Swetmore
104,"Kulas, Haley and Strosin",Kulas_Haley_and_Strosin@correo.com,Pietruszewicz
105,Kunze-Gleichner,Kunze-Gleichner@correo.com,Musterd
106,Lockman Group,Lockman_Group@correo.com,Deval
107,Macejkovic LLC,Macejkovic_LLC@correo.com,Saunders
108,"Dare, Rice and Kessler",Dare_Rice_and_Kessler@correo.com,Grewe
109,"Little, Morissette and Harvey",Little_Morissette_and_Harvey@correo.com,MacDaid
110,Mosciski and Sons,Mosciski_and_Sons@correo.com,Gynn
111,Turner-Kutch,Turner-Kutch@correo.com,Limer
112,Schroeder Inc,Schroeder_Inc@correo.com,Bendell
113,"Stark, Wolf and Boyer",Stark_Wolf_and_Boyer@correo.com,Kall
114,Reichel LLC,Reichel_LLC@correo.com,Buncom
115,Kling-Bins,Kling-Bins@correo.com,Maddy
116,"Oberbrunner, Swift and Braun",Oberbrunner_Swift_and_Braun@correo.com,Chasmer
117,Kris-Schneider,Kris-Schneider@correo.com,Trodler
118,Ward Inc,Ward_Inc@correo.com,Ebenezer
119,Brown-Legros,Brown-Legros@correo.com,O'Hartnedy
120,Sipes-Marvin,Sipes-Marvin@correo.com,Slowley
121,"Swaniawski, Schroeder and White",Swaniawski_Schroeder_and_White@correo.com,Shinfield
122,Labadie-Goyette,Labadie-Goyette@correo.com,Bowry
123,"O'Conner, Smith and Kertzmann",O'Conner_Smith_and_Kertzmann@correo.com,Boshere
124,"Torp, Borer and Marvin",Torp_Borer_and_Marvin@correo.com,Rosbotham
125,Marks Inc,Marks_Inc@correo.com,Adelsberg
126,Davis Inc,Davis_Inc@correo.com,Coldwell
127,Hackett-Heaney,Hackett-Heaney@correo.com,Dublin
128,Schultz Inc,Schultz_Inc@correo.com,Russan
129,"Wuckert, Hartmann and Pfeffer",Wuckert_Hartmann_and_Pfeffer@correo.com,Cluelow
130,Turner LLC,Turner_LLC@correo.com,Hitschke
131,Medhurst LLC,Medhurst_LLC@correo.com,Chanders
132,Balistreri-Huel,Balistreri-Huel@correo.com,Pickerin
133,"Fisher, Predovic and Auer",Fisher_Predovic_and_Auer@correo.com,Snartt
134,Farrell-Boyer,Farrell-Boyer@correo.com,Hamshaw
135,Frami LLC,Frami_LLC@correo.com,Tyrone
136,Oberbrunner-Carter,Oberbrunner-Carter@correo.com,Maciaszek
137,Anderson and Sons,Anderson_and_Sons@correo.com,Speariett
138,"Okuneva, Sauer and Balistreri",Okuneva_Sauer_and_Balistreri@correo.com,Lukehurst
139,"Windler, Rolfson and Skiles",Windler_Rolfson_and_Skiles@correo.com,Aldcorne
140,Gutmann LLC,Gutmann_LLC@correo.com,Blade
141,Rempel and Sons,Rempel_and_Sons@correo.com,Pinsent
142,"Roob, Schinner and Fahey",Roob_Schinner_and_Fahey@correo.com,Mantram
143,Abshire-Upton,Abshire-Upton@correo.com,Meneghelli
144,Willms Inc,Willms_Inc@correo.com,Fontin
145,Emmerich-Hand,Emmerich-Hand@correo.com,Peto
146,"Larson, Olson and Flatley",Larson_Olson_and_Flatley@correo.com,Arndtsen
147,"Bosco, Nolan and Nienow",Bosco_Nolan_and_Nienow@correo.com,Wherry
148,Howe-Larson,Howe-Larson@correo.com,Danilyuk
149,Beer-Bosco,Beer-Bosco@correo.com,Pilipyak
150,Bergstrom-Rohan,Bergstrom-Rohan@correo.com,Bursnall
151,Sanford-Gibson,Sanford-Gibson@correo.com,Phidgin
152,Dare-McKenzie,Dare-McKenzie@correo.com,Pescud
153,Herzog Inc,Herzog_Inc@correo.com,Klimus
154,Hodkiewicz-Parisian,Hodkiewicz-Parisian@correo.com,Jeanneau
155,Hansen Inc,Hansen_Inc@correo.com,Skully
156,Prohaska Group,Prohaska_Group@correo.com,Robatham
157,Blanda and Sons,Blanda_and_Sons@correo.com,Vedeneev
158,"Vandervort, Goodwin and Yost",Vandervort_Goodwin_and_Yost@correo.com,Scutcheon
159,Leffler-Kuphal,Leffler-Kuphal@correo.com,Oglethorpe
160,"Von, Champlin and Roob",Von_Champlin_and_Roob@correo.com,Gawkroge
161,"Corwin, Bogan and Mante",Corwin_Bogan_and_Mante@correo.com,Palethorpe
162,Ziemann-O'Conner,Ziemann-O'Conner@correo.com,Pusey
163,Monahan Inc,Monahan_Inc@correo.com,O'Suaird
164,Christiansen-Kerluke,Christiansen-Kerluke@correo.com,Hain
165,"Tillman, Bruen and Klocko",Tillman_Bruen_and_Klocko@correo.com,Demongeot
166,Pfannerstill-Jerde,Pfannerstill-Jerde@correo.com,Choak
167,"Jakubowski, Johns and Daniel",Jakubowski_Johns_and_Daniel@correo.com,Allderidge
168,Ortiz-Conroy,Ortiz-Conroy@correo.com,Perigeaux
169,Parker-Bernier,Parker-Bernier@correo.com,MacManus
170,Breitenberg-Daniel,Breitenberg-Daniel@correo.com,Garrod
171,"Lueilwitz, Rolfson and Schoen",Lueilwitz_Rolfson_and_Schoen@correo.com,Rivel
172,Bartell-Buckridge,Bartell-Buckridge@correo.com,McAlister
173,Rath LLC,Rath_LLC@correo.com,Hanster
174,Glover LLC,Glover_LLC@correo.com,Koenraad
175,"Pouros, Franecki and Boyle",Pouros_Franecki_and_Boyle@correo.com,Williscroft
176,Ward-Adams,Ward-Adams@correo.com,Kirrens
177,Kshlerin-Gleason,Kshlerin-Gleason@correo.com,Blenkensop
178,"Bernhard, Schuppe and Torphy",Bernhard_Schuppe_and_Torphy@correo.com,Arghent
179,Rau-Schoen,Rau-Schoen@correo.com,Mackelworth
180,"Ernser, Sanford and Kunze",Ernser_Sanford_and_Kunze@correo.com,Crank
181,Gislason-Bernier,Gislason-Bernier@correo.com,Pott
182,Rodriguez-Larson,Rodriguez-Larson@correo.com,Staddom
183,Auer LLC,Auer_LLC@correo.com,Pownall
184,Beier LLC,Beier_LLC@correo.com,Dulson
185,"Glover, Wunsch and Paucek",Glover_Wunsch_and_Paucek@correo.com,Uvedale
186,Corwin Group,Corwin_Group@correo.com,Bassilashvili
187,"Witting, Koepp and Gaylord",Witting_Koepp_and_Gaylord@correo.com,Sargeaunt
188,Romaguera Group,Romaguera_Group@correo.com,Lorriman
189,Parisian and Sons,Parisian_and_Sons@correo.com,Thay
190,Tremblay and Sons,Tremblay_and_Sons@correo.com,Knowlys
191,Krajcik Inc,Krajcik_Inc@correo.com,Pearson
192,"Heaney, Nolan and Quigley",Heaney_Nolan_and_Quigley@correo.com,Geggus
193,Barton LLC,Barton_LLC@correo.com,Dietsche
194,Steuber Inc,Steuber_Inc@correo.com,Addison
195,"McDermott, Leffler and Rosenbaum",McDermott_Leffler_and_Rosenbaum@correo.com,Midden
196,Schneider Group,Schneider_Group@correo.com,Follett
197,Orn Group,Orn_Group@correo.com,Pringell
198,"Hirthe, Becker and Gleichner",Hirthe_Becker_and_Gleichner@correo.com,Borlease
199,Kutch Inc,Kutch_Inc@correo.com,Pedel
200,"Marvin, Shields and McDermott",Marvin_Shields_and_McDermott@correo.com,Hussell
